Segment,Customers,Revenue,Orders,AOV,Revenue_share
At Risk,615,1548098.812,3457,447.81568180503325,0.08724913298718384
Champions,1300,12128115.565,22216,545.9180574810947,0.6835271493087479
Hibernating,1523,667121.922,1908,349.6446132075472,0.03759825202374981
Loyal,698,1886075.405,5393,349.7265724086779,0.10629711912388033
New customers,443,394638.61,647,609.9514837712519,0.022241394605351184
Potential,1299,1119378.864,3348,334.3425519713262,0.06308695195108695
